skillId, skillName
0;Vide
1;Sceau de guérison
2;Sceau de ressurection
3;Sceau de capture
5;Blocage de pouvoir
6;Mantra de la Terre
7;Mantra de flamme
8;Mantra de givre
9;Mantra de foudre
10;Leveur de maléfice
11;Distorsion
13;Mantra de récupération
14;Mantra de persévérance
15;Mantra des inscriptions
16;Mantra de concentration
17;Mantra de résolution
18;Mantra des sceaux
19;Fragilité
21;Enchantement inspiré
22;Maléfice inspiré
23;Dissipation de pouvoir
24;Fuite de pouvoir
25;Drain de pouvoir
26;Empathie
27;Dispersion des illusions
28;Retour de flamme
29;Black-out
30;Diversion
31;Conjuration de fantasme
32;Illusion de faiblesse
33;Armes illusoires
34;Visage avenant
35;Ignorance
36;Enigme des Arcanes
37;Illusion de hâte
38;Canalisation
39;Afflux d'énergie
40;Festin éthéré
41;Seigneur éthéré
42;Flamme d'énergie
43;Maladresse
44;Douleur fantôme
45;Fardeau éthéré
46;Culpabilité
47;Incompétence
48;Esprit de l'échec
49;Délabrement spirituel
50;Embarras de l'incapable
51;Honte
52;Panique
53;Migraine
54;Angoisse paralysante
55;Rêves enfiévrés
56;Images apaisantes
57;Cri de Frustration
58;Sceau de minuit
59;Sceau de lassitude
61;Sceau sangsue
62;Sceau d'humilité
63;Sceau de voûte
65;Mimétisme des Arcanes
66;Chaînes spirituelles
67;Annihilateur de maléfices
68;Drain d'enchantement
69;Dissipation des enchantements
72;Résistance aux éléments
73;Résistance physique
74;Echo
75;Echo des Arcanes
76;Fardeau imaginaire
77;Tempête chaotique
78;Epidémie
79;Drain d'énergie
80;Siphon d'énergie
81;Vol des Arcanes
82;Mantra de rappel
83;Animation d'horreur squelettique
84;Animation de démon squelette
85;Animation de serviteurs squelettes
86;Equilibre de Grenth
87;Regard de Verata
88;Aura de Verata
89;Froideur mortelle
90;Sacrifice de Verata
91;Puits de pouvoir
92;Puits de sang
93;Puits de douleur
94;Puits du profane
95;Explosion putride
96;Festin de l'âme
97;Voyage nécrotique
98;Combustion corporelle
99;Lien parasitaire
100;Ame barbelée
101;Barbelés
102;Choc de l'ombre
103;Prix de l'échec
104;Nova mortelle
105;Essaim mortel
106;Putréfaction
107;Virulence
108;Souffrance
109;Siphon de vie
110;Festin impie
111;Réveil du sang
112;Désacralisation d'Enchantements
113;Chair putréfiée
114;Aura de la liche
115;Transfusion sanguine
116;Aura noire
117;Affaiblissement
118;Sang du faible
119;Pouvoir du sang
120;Sang du Maître
121;Esprit malveillant
122;Intervention néfaste
123;Parasite sournois
124;Frissons glacés
125;Flétrissure
126;Transfert de vie
127;Marque de subversion
128;Sangsue de l'âme
129;Souillure charnelle
130;Chair démoniaque
131;Sceau barbelé
132;Sceau du fléau
133;Pacte noir
134;Ordre de la douleur
135;Appréhension
136;Ombre de terreur
137;Rigor Mortis
138;Lien noir
139;Transfert de condition
140;Malaise
141;Abolition des enchantements
142;Malédiction latente
143;Suppression d'un enchantement
144;Engelures
145;Sceau d'agonie
146;Offrande de sang
147;Fureur noire
148;Ordre du vampire
149;Propagation du fléau
150;Marque de douleur
151;Festin de corruption
152;Goût de la mort
153;Regard vampirique
154;Caresse contagieuse
155;Caresse nocive
156;Caresse vampirique
157;Rituel de sang
158;Caresse d'agonie
159;Armure affaiblie
160;Vitesse du vent
162;Bourrasque
163;Tornade
164;Affinité élémentaire
165;Armure de la Terre
166;Armure cinétique
167;Eruption
168;Aura magnétique
169;Affinité terrestre
170;Séisme
171;Lapidation
172;Dagues de pierre
173;Etreinte de la Terre
174;Réplique sismique
175;Protection contre les éléments
176;Protection de contact
177;Protection contre l'ennemi
178;Prodige éthéré
179;Liens incendiaires
180;Aura de rétablissement
181;Renouveau éthéré
182;Conjuration de flamme
183;Enfer
184;Affinité ignée
185;Flamme spirituelle
186;Boule de feu
187;Météore
188;Jet de flammes
189;Invocation de Rodgort
190;Marque de Rodgort
191;Immolation
192;Pluie de météores
193;Phénix
194;Eclat de feu
195;Fontaine de lave
196;Chaleur de fournaise
197;Tempête de feu
198;Glyphe de pouvoir élémentaire
199;Glyphe d'énergie
200;Glyphe d'énergie mineure
201;Glyphe de concentration
202;Glyphe de sacrifice
203;Glyphe du renouveau
204;Rouille
205;Décharge foudroyante
206;Armure de givre
207;Conjuration du froid
208;Affinité aquatique
209;Gel spirituel
210;Prison de glace
211;Tessons de glace
212;Explosion glaciale
213;Tempête de glace
214;Lance de glace
215;Maelström
216;Brume de fer
217;Vague de cristal
218;Chair d'obsidienne
219;Flamme d'obsidienne
220;Eblouissement
221;Conjuration de la foudre
222;Eclair foudroyant
223;Chaîne d'éclairs
224;Décharge incapacitante
225;Affinité aérienne
226;Choc spirituel
227;Marque éblouissante
228;Coup de tonnerre
229;Globe de foudre
230;Javelot de foudre
231;Décharge électrique
232;Caresse foudroyante
233;Aura tourbillon
234;Congélation
235;Vision troublée
236;Forme de brume
237;Trident marin
238;Armure de brume
239;Protection contre le Mal
240;Châtiment
241;Lien de vie
242;Esprit de Balthazar
243;Force de l'Honneur
244;Affinité vitale
245;Esprit protecteur
246;Intervention divine
247;Symbole de Courroux
248;Punition
249;Colère divine
250;Liens de l'Essence
251;Guérison néfaste
252;Bannissement
253;Sacrifice néfaste
254;Esprit vigoureux
255;Esprit vigilant
256;Aura sacrée
257;Egide
258;Gardien
259;Bouclier de détournement
260;Aura de foi
261;Bouclier de régénération
262;Bouclier du jugement
263;Lien de protection
264;Pacifisme
265;Amitié
266;Paix et harmonie
267;Clairvoyance du juge
268;Aura inflexible
269;Marque de protection
270;Barrière vitale
271;Feu du zélote
272;Aura de Balthazar
273;Briseur de sorts
274;Graine de guérison
275;Rétablissement partiel
276;Rétablissement total
277;Guérison des affections
278;Purification des conditions
279;Guérison divine
280;Zone de guérison
281;Prière de guérison
282;Parole de guérison
283;Baiser de Dwayna
284;Bienfait divin
285;Mains du guérisseur
286;Guérison des autres
287;Guérison de groupe
288;Souffle de guérison
289;Bénédiction vitale
290;Rénovation
291;Vie par procuration
292;Transfert de santé
293;Sceau de dévotion
294;Sceau du jugement
295;Sceau d'épuration
296;Sceau du fléau
297;Sceau sacré
298;Martyre
299;Mains du protecteur
300;Contemplation de la Pureté
301;Annulation des maléfices
302;Expiation des maléfices
303;Conversion des maléfices
304;Lumière de Dwayna
305;Résurrection
306;Renaissance
307;Revers de fortune
308;Secours
309;Voile sacré
310;Esprit divin
311;Egalité de condition
312;Choc sacré
313;Caresse de guérison
314;Reviviscence
315;Vengeance
316;"Extrême limite !"
317;Fureur guerrière
318;Défi à la douleur
319;Course
320;Coupe-jarret
321;Coup sauvage
322;Attaque puissante
323;Frappe désespérée
324;Frisson de victoire
325;Coup de diversion
326;Attaque du protecteur
327;Frappe du griffon
328;Frappe pure
329;Brise-crâne
330;Hache cyclone
331;Coup de marteau
332;Attaque du taureau
333;"Je vous vengerai !"
334;Ratissage
335;Clivage
336;Frappe du bourreau
337;Démembrement
338;Eviscération
339;Coup pénétrant
340;Taillade d'interruption
341;Coup rapide
342;Hache tournante
343;"Pour la justice !"
344;Rafale
345;Pose défensive
346;Frénésie
347;Résistance à la douleur
348;"Prenez garde !"
349;Sprint
350;Coup ventral
351;Coup puissant
352;Coup écrasant
353;Swing brutal
354;Marteau pilon
355;Marteau dévastateur
356;Coup impérieux
357;Contrecoup
358;Brise-échine
359;Coup de brute
360;Coup de boutoir
361;Sceau de dolyak
362;Adresse du Guerrier
363;Coup de bouclier
364;"Chargez !"
365;"A moi la victoire !"
366;"Craignez-moi !"
367;"Levez les boucliers !"
368;"Je survivrai !"
370;Pose du berserker
371;Pose d'équilibre
372;Défense du gladiateur
373;Déviation des flèches
374;Endurance du Guerrier
375;Pose de combat des Nains
376;Pose de discipline
377;Pose prudente
378;Pose du bouclier
379;Charge du taureau
380;Défense de Bonetti
381;Cent lames
382;Tranche-artère
383;Taillade de Galrath
384;Entaille
385;Botte fatale
386;Lame chercheuse
387;Riposte
388;Riposte mortelle
389;Prospérité
390;Taillade sauvage
391;Tir du chasseur
392;Immobilisation
393;Tir incapacitant
394;Tir puissant
395;Tir de barrage
396;Tir double
397;Tir rapide
398;Attaque pénétrante
399;Tir de diversion
400;Tir de précision
402;Tir déterminé
403;Tir ciblé
404;Flèche empoisonnée
405;Tir du serment
406;Tir débilitant
407;Tir à bout portant
408;Coup cérébral
409;Tir de représailles
411;Charme animal
412;Cri de protection
415;Cri de hâte
422;Renaissance animale
423;Lien symbiotique
424;Jet de terre
425;Esquive
426;Tir sauvage
427;Sceau antidote
428;Flèches incendiaires
429;Flèches de Melandru
430;Pari du tireur
431;Flèches de feu
432;Lecture du vent
433;Flèches enflammées
434;Gaz suffocant
435;Application de poison
436;Bien-être animal
437;Assaut bestial
438;Assaut de mutilation
439;Coup barbare
440;Assaut de charognard
441;Assaut de Melandru
442;Attaque féroce
443;Coup du prédateur
444;Coup brutal
445;Attaque d'interruption
446;Onguent des trolls
447;Cri d'Otyugh
448;Echappatoire
449;Pose de pratique
450;Tourbillon défensif
451;Résistance de Melandru
452;Défenses du Drider
453;Réflexes foudroyants
454;Fureur du tigre
455;Chasseur de tempêtes
456;Vitesse du serpent
457;Piège à poussière
458;Piège barbelé
459;Piège de flammes
460;Source de guérison
461;Piège à pointes
462;Hiver
463;Vannage
464;Voie d'extinction
465;Grand brasier
466;Brasier
467;Saison fertile
468;Symbiose
469;Echos primitifs
470;Saison des prédateurs
471;Terre gelée
472;Vents favorables
474;Vent énergisant
475;Zéphyr véloce
476;Renouveau de la nature
477;Terrain boueux
570;Marque d'insécurité
571;Dague d'interruption
572;Paradoxe mortel
763;Regard ictérique
764;Complainte Funeste
766;Regard du mépris
769;Défense de la vipère
770;Retour
771;Aura de déplacement
772;Tsungrai était généreux
773;Vorizon était puissant
775;Efflorescence mortelle
776;Harpon de convulsion
777;Cornes du boeuf
778;Retombée arachnide
779;Coup du lotus noir
780;Crocs du renard
781;Frappe de Moebius
782;Coup déchiqueteur
783;Attaque sournoise
784;Enlacement reptilien
785;Stigmate mortel
786;Paume d'acier
787;Arme résistante
788;Mingson était aveugle
789;Kuurong était avide
790;Khanhei était revanchard
791;Chair de ma chair
792;Arme à fragmentation
793;Arme de protection
794;Arme des doléances
795;Arme du tourment
799;Mirage brumeux
800;Toxine immuable
801;Linceul du silence
802;Vaines défenses
803;Buveur d'énergie
804;Alanguissement arcane
805;Animation d'horreur vampirique
806;Ferveur de l'adepte
808;Empreinte du Faucheur
809;Brise-roc
810;Défense du protecteur
811;Course unique
812;Xinrae était rebelle
813;Aura de Lyssa
814;Refuge ombreux
815;Attache de Scorpion
816;Imitation de pose
817;Discorde
818;Puits de Lassitude
819;Esprit vampirique
820;Dépravation
821;Veines glaciales
822;Genoux flageolants
823;Vélocité Incandescente
824;Flèches de Lave
825;Lit de Braise
826;Silhouette
827;Siphon de force
828;Miasme insalubre
830;Lumière du jugement
831;Rage primitive
832;Animation du Golem de chair
834;Extrême hâte
835;Lien du sang
836;Chevauchée de l'éclair
837;Compagnon d'énergie
838;Douleur de Dwayna
839;"Battez en retraite !"
840;Coeur empoisonné
841;Humus fétide
842;Arc foudroyant
843;Rafale
844;Bouleversement terrestre
845;Flamme liquide
846;Buée
847;Sceau du compagnon
848;Inversion de maléfice
849;Taillade lacérante
850;Attaque féroce
851;Attaque lunisolaire
852;Tir de ricochet
853;Tir de Melandru
854;Attrape
858;Valse des dagues
859;Conjuration de cauchemar
860;Sceau d'interruption
862;Regard féroce
863;Ordre d'apostasie
864;Regard de l'oppresseur
865;Masse foudroyante
866;Lame vaporeuse
867;Lumière rédemptrice
869;"Froussard !"
870;Pestilence
871;Mélodie des Ombres
876;Sceau des Ombres
877;Equilibre de Lyssa
878;Visions de Regret
879;Illusion de douleur
880;Vol de vitesse
881;Sceau éthéré
882;Sceau de désenchantement
883;Aphonie
884;Flammes virulentes
885;Gardien protecteur
886;Bise reposante
887;Sceau de rajeunissement
888;Hache tournoyante
889;Coup forcé
891;"Nul ne passera !"
892;Lame vacillante
893;Flèches chercheuses
898;Surcharge
899;Images d'attrition
900;Fardeau partagé
901;Lien des âmes
902;Sang de l'agresseur
903;Prisme de glace
904;Hache de rage
905;Coup propice
906;"A genoux !"
907;Taillade du dragon
908;Tir du maraudeur
909;Tir focalisé
910;Faille de l'esprit
911;Union
913;Tanasen était tranquille
914;Consommation des âmes
915;Esprit illuminé
916;Lamentation
917;Rupture d'âme
918;Esprit de chair
919;Brûlure de l'esprit
920;Destruction
921;Dissonance
923;Désenchantement
925;Rappel
926;Dagues affûtées
927;Peur honteuse
928;Linceul de l'Ombre
929;Ombre de hâte
930;Incantation propice
931;Retour de pouvoir
932;Complication
933;Tempête destructrice
934;Sceau antinaturel
935;Fiel
936;Enchantements envenimés
937;Onde de choc
938;Protection de stabilité
939;Chaînes de glace
941;Lumière divine
942;Retrait de maléfices
943;Extinction
944;Sceau de force
946;Concentration du trappeur
947;Ronces
948;Coup désespéré
949;Méthode du renard
950;Fardeau nébuleux
951;Siphon de vitesse
952;Charge mortelle
953;Flux de puissance
954;Expulsion de maléfices
955;Confiscation d'enchantement
957;Bouclier contre les sorts
958;Souffle réparateur
959;Lumière éthérée
960;Libération d'enchantements
961;Lacération
962;Transfert d'esprit
963;Restauration
964;Arme de vengeance
973;Poudre aveuglante
974;Toucher de la mante
975;Assaut épuisant
976;Coup répété
977;Méthode du lotus
978;Marque d'instabilité
979;Défiance
980;Festin de l'esprit
981;Rétablissement
982;Refuge
983;Arme de l'Ombre
985;Chausse-trappes
986;Coup des neuf queues
987;Méthode de la paume vide
988;Frappe à la tempe
989;Coup du phénix doré
990;Censure d'Enchantements
991;Négation de maléfices
992;Triple coup
993;Coup enragé
994;Coup de renouvellement
995;Pose du tigre
996;Entaille permanente
997;Famine
1014;"Let's Get 'Em!"
1018;Oeil critique
1019;Attaque critique
1020;Lames d'acier
1021;Frappe de la jungle
1022;Affront sauvage
1023;Piqûre de mante sauteuse
1024;Attaque de la mante noire
1025;Blessure d'interruption
1026;Coup du lotus doré
1027;Défenses critiques
1028;Méthode du geste parfait
1029;Apostasie obscure
1030;Fureur de Locuste
1031;Linceul de détresse
1032;Coeur d'ombre
1033;Empalement
1034;Plaie suintante
1035;Promesse de l'Assassin
1036;Sceau de malice
1037;Echappatoire obscure
1038;Dague d'Infirmité
1040;Marche des esprits
1041;Furie invisible
1042;Lames éclatantes
1043;Ruée
1044;Prison obscure
1045;Coup de paume
1048;Enchantement révélé
1049;Maléfice révélé
1052;Cumul de douleur
1053;Distraction psychique
1054;Visage de l'ancêtre
1055;Insécurité récurrente
1056;Fardeau de Kitah
1057;Instabilité psychique
1059;Sceau du Mangeur de Maléfices
1061;Rétroaction
1062;Larcin arcane
1066;Vainqueur dépouillé
1067;Coup du fléau
1068;Frisson amer
1069;Saveur de douleur
1070;Enchantements profanés
1071;Frissons de terreur
1075;Nuée vampirique
1076;Buveur de sang
1077;Morsure vampirique
1078;Morsure de bauge
1079;Toucher de faiblesse
1081;Vent de Teinai
1082;Flèche de choc
1083;Sol instable
1084;Armure d'éclats
1085;Explosion de cendres
1086;Pas du dragon
1088;Seconde chance
1090;Ambres ardents
1091;Double dragon
1093;Chaleur de Teinai
1094;Souffle de Feu
1095;Eclat constellé
1096;Glyphe d'essence
1097;Prison de Teinai
1098;Miroir de glace
1099;Cristaux de Teinai
1113;Colère de Kirin
1114;Lien spirituel
1115;Atmosphère enchanteresse
1117;Paradis exquis
1118;Vague de guérison
1119;Cercle de guérison de Karei
1120;Regard de Jamei
1121;Don de santé
1123;Bouclier de vie
1126;Suppression empathique
1128;Chant de résurrection
1129;Parole du censeur
1130;Lance de lumière
1131;Coup d'Amederoc
1133;Attaque d'ivresse
1134;Frappe du Léviathan
1135;Frappe de Jaizhenju
1136;Taillade pénétrante
1137;Frappe du Yéti
1140;Tempête d'épées
1141;"Vous mourrez !"
1142;Parade propice
1144;Attaque d'Aildargent
1146;Poussée
1191;Attaque éclatante
1192;Tir de Zojun
1194;Lien du prédateur
1195;Guérison partagée
1196;Hâte de Zojun
1197;Aiguillons
1198;Flèche à pointe large
1199;Flèches de verre
1200;Sceau de l'Archer
1201;Attaque sauvage
1202;Coup enragé
1203;Violence bestiale
1205;Morsure empoisonnée
1206;Bond
1209;Furie bestiale
1211;Nid de vipère
1212;Equinoxe
1213;Tranquillité
1215;Clameur des âmes
1217;Seigneur de rituel
1218;Daoshen était cruel
1219;Kaolai était protecteur
1220;Songkai était attentive
1221;Xiko était coriace
1222;Namei était si gaie
1223;Lingwah était angoissée
1224;Attraction d'esprit
1225;Frappe canalisée
1226;Coup du compagnon spirituel
1227;Frappe d'essence
1228;Siphon de l'esprit
1229;Expansion explosive
1230;Compagnon de création
1231;Canalisation d'esprit
1232;Armure de l'impassible
1233;Souvenirs apaisants
1234;Guérison du corps et de l'âme
1235;Arme émoussée
1236;Chaînes d'asservissement
1237;Lien de douleur
1238;Sceau de création
1239;Sceau des Esprits
1240;Contorsion de l'âme
1244;Vivacité spectrale
1245;Vision de l'au-delà
1246;Rage de l'ancêtre
1247;Douleur
1249;Déplacement
1250;Préservation
1251;Vie
1252;Lien terrestre
1253;Mélodie du sang
1255;Voyage
1257;Arme d'Esprit illuminé
1258;Arme brute
1259;Arme guidée
1260;Soumission
1261;Armure glaciale
1262;Anneau de guérison
1263;Renouvellement de vie
1264;Destinée
1265;Compagnon d'arme
1266;Apaisement
1267;Arme vitale
1268;Arme de rapidité
1269;Sceau de Rage
1333;Conditions prolongées
1334;Hypochondrie
1335;Fin du gaspilleur
1336;Douleur spirituelle
1337;Drain d'illusions
1338;Persistance du souvenir
1339;Symboles d'inspiration
1340;Célérité symbolique
1341;Frustration
1342;Taquinerie
1343;Fantôme éthéré
1344;Toile d'interruption
1345;Enigme de l'enchanteur
1346;Sceau des illusions
1347;Congédiement d'enchantement
1348;Vortex du Mangeur de Maléfices
1349;Miroir de désenchantement
1350;Simple vol
1351;Animate Shambling Horror
1352;Ordre des morts-vivants
1353;Chair putride
1354;Festin des morts
1355;Os broyés
1356;Contagion
1358;Poumons ulcérés
1359;Douleur de désenchantement
1360;Marque de Furie
1362;Enchantement corrompu
1363;Sceau du chagrin
1364;Sceau de souffrance
1365;Sceau des âmes perdues
1366;Puits d'obscurité
1367;Afflux aveuglant
1368;Vents glaciaux
1369;Eclair
1370;Hâte du jinn de tempête
1371;Briseur de pierre
1372;Tempête de sable
1373;Bouclier de pierre
1374;Faucon d'ébène
1375;Aura de Chair de pierre
1376;Glyphe de rétablissement
1377;Prisme éthéré
1378;Maître de la Magie
1379;Regard embrasé
1380;Chaleur de savane
1381;Hâte du jinn de flamme
1382;Rafale givrante
1390;Intervention du juge
1391;Esprit de soutien
1392;Guérison attentive
1393;Compagnon du guérisseur
1394;Engagement du guérisseur
1395;Balancier de Balthazar
1396;Paroles de réconfort
1397;Lumière de la délivrance
1398;Enchantement fléau
1399;Bouclier d'absorption
1400;Revers de dégâts
1401;Toucher réparateur
1402;Entaille critique
1403;Entaille agonisante
1404;Peste
1405;Frappe de charge
1406;Coup de tête
1407;Confort du lion
1408;Rage du Ntouka
1409;Frappe du Mokele
1410;Attaque dominatrice
1411;Sceau de constitution
1412;"Vous êtes seul !"
1413;Explosion d'agressivité
1414;Charge enragée
1415;Taillade incapacitante
1416;Entaille barbare
1465;Coup préparé
1466;Flèche brûlante
1467;Tir arqué
1468;Attaque solidaire
1469;Tir croisé
1470;Flèches barbelées
1471;Focus du charognard
1472;Toxicité
1473;Sables mouvants
1474;Etreinte de la tempête
1475;Vitesse du trappeur
1476;Fil de détente
1478;Afflux de renouvellement
1479;Offrande de l'esprit
1480;Don de l'esprit
1481;Sceau du pacte avec la mort
1482;Essence récupérée
1483;Bannissement
1484;Fauchage mystique
1485;Attaque érémitique
1486;Moisson des impuretés
1487;Fauchage des deux lunes
1488;Fauchage victorieux
1489;Fauchage impérieux
1490;Assaut pieux
1491;Tornade mystique
1493;Doigts de Grenth
1495;Aura d'épines
1496;Rage de Balthazar
1497;Manteau de poussière
1498;Force stupéfiante
1499;Renouveau pieux
1500;Manteau de mirage
1502;Zèle arcane
1503;Vigueur mystique
1504;Intervention vigilante
1505;Voeu de piété
1506;Compagnon vital
1507;Coeur de la Flamme sacrée
1508;Prolongation des Enchantements
1509;Intervention fidèle
1510;Eclats de sable
1512;Hâte de Lyssa
1513;Mains directrices
1514;Brève stabilité
1515;Armure de sainteté
1516;Régénération mystique
1517;Voeu du silence
1518;Avatar de Balthazar
1519;Avatar de Dwayna
1520;Avatar de Grenth
1521;Avatar de Lyssa
1522;Avatar de Melandru
1523;Méditation
1524;Zèle érémitique
1525;Guérison naturelle
1526;Santé imprégnée
1527;Guérison mystique
1528;Toucher de Dwayna
1529;Rétablissement pieux
1530;Sceau de lumière pieuse
1531;Aura intimidante
1532;Tempête de sable mystique
1533;Vents de désenchantement
1534;Toucher déchirant
1535;Fauchage invalidant
1536;Attaque blessante
1537;Coup lassant
1538;Assaut de Lyssa
1539;Victoire frissonnante
1540;Conviction
1541;Hâte enchantée
1542;Concentration pieuse
1543;Hâte pieuse
1544;Charge tourbillonnante
1545;Test de foi
1546;Javelot ardent
1547;Lancer puissant
1548;Javelot cruel
1549;Lancer d'harrier
1550;Lancer impitoyable
1551;Javelot d'éclair
1552;Javelot lassant
1553;Hymne de furie
1554;Hymne d'infirmité
1555;Hymne défensif
1556;Bon voyage
1557;Hymne de flamme
1558;"Visez les yeux !"
1559;Hymne de jalousie
1560;Chant de la puissance
1561;Hymne zélé
1562;Aria de zèle
1563;Poème de zèle
1564;Ballade de rétablissement
1565;Choeur de rétablissement
1566;Aria de rétablissement
1567;Chanson de concentration
1568;Hymne de direction
1569;Choeur énergisant
1570;Chanson de purification
1571;Aria de leveur de maléfice
1572;"Préparez-vous !"
1573;Crainte
1574;Harmonie persistante
1575;Finale enflammé
1576;Refrain brûlant
1577;Finale de rétablissement
1578;Refrain de réparation
1579;Finale purifiant
1580;Refrain du Bladeturn
1581;Sceau rayonnant
1583;Zèle du meneur
1584;Confort du meneur
1585;Sceau de synergie
1586;Protection angélique
1587;Lien angélique
1588;Sceau cautère
1589;"Tenez bon !"
1590;"Ouvrez le chemin !"
1591;"Faites vite !"
1592;"Nous reviendrons !"
1593;"N'abandonnez jamais !"
1594;"A l'aide !"
1595;"Repliez-vous !"
1596;"Attention !"
1597;"Ils sont enflammés !"
1598;"Ne vous rendez jamais !"
1599;"C'est juste une petite blessure"
1600;Javelot perforant
1601;Attaque vicieuse
1602;Frappe stupéfiante
1603;Javelot impitoyable
1604;Lancer d'interruption
1605;Lancer sauvage
1633;Coup malicieux
1634;Assaut dévastateur
1635;Attaque du crâne doré
1636;Attaque de l'araignée noire
1637;Coup du renard doré
1638;Hâte mortelle
1639;Remède de l'Assassin
1640;Promesse du renard
1641;Neutralité simulée
1642;Chausse-trappes cachées
1643;Enchantements d'assauts
1644;Effondrement du gaspilleur
1645;Enchantements levés
1646;Présage mortel
1647;Sceau de choc toxique
1648;Sceau de l'aube
1649;Méthode de l'Assassin
1650;Marche de l'ombre
1651;Retraite de la mort
1652;Prison d'ombre
1653;Echange
1654;Mêlée de l'ombre
1655;Prix de l'orgueil
1656;Air de Désenchantement
1657;Sceau de Maladresse
1658;Posture symbolique
1659;Frisson toxique
1660;Puits du silence
1661;Pierre fluorescente
1662;Explosion de l'âme
1663;Flamme élémentaire
1664;Invocation de la foudre
1683;Gardien pensif
1684;Clairvoyance du Scribe
1685;Hâte sacrée
1686;Lueur
1687;Bénédiction zélée
1688;Zèle du Défenseur
1689;Sceau de colère mystique
1690;Sceau de suppression
1691;Suppression de condition
1692;Diversion des maléfices
1693;Contre-attaque
1694;Frappe du chasseur de mages
1695;Attaque de soldat
1696;Décapitation
1697;Attaque du chasseur de mages
1698;Pose du soldat
1699;Défense du soldat
1700;Défense frénétique
1701;Pose stable
1702;Frappe Croc-d'acier
1719;Tir hurleur
1720;Flèche vive
1721;Férocité unie
1722;Flèche fourchue
1723;Précision perturbatrice
1724;Dextérité de l'expert
1725;Vents mugissants
1726;Tir du Fléau des mages
1727;Foulée naturelle
1728;Saccage du Heket
1729;Piège de fumée
1730;Chaleur exaspérante
1731;Sogolon était énergétique
1732;Glaive était destructrice
1733;Attaque du porteur
1734;Regard de fureur
1736;Force de l'esprit
1737;Zèle du porteur
1738;Vision intérieure
1739;Souvenirs renouvelés
1740;Remède du porteur
1741;Lumière du miroir fantôme
1742;Sceau de puissance spectrale
1743;Sceau d'asservissement
1744;Charge du gardien
1745;Angoisse
1747;Responsabilisation
1748;Récupération
1749;Arme de furie
1750;Arme de Xinrae
1751;Arme du belliciste
1752;Arme de remède
1753;Frappe déchirante
1754;Attaque
1755;Corruption mystique
1756;Empoigne de Grenth
1757;Voile d'épines
1758;Empoigne d'harrier
1759;Voeu de force
1760;Aura de poussière d'ébène
1761;Voeu zélé
1762;Coeur de furie
1763;Renouveau zélé
1764;Clairvoyance de l'attaquant
1765;Aura déchirante
1766;Grâce de Pied-de-plume
1767;Frappe du moissonneur
1768;Hâte d'harrier
1769;Colère concentrée
1770;Tempérament naturel
1771;Chant de rétablissement
1772;Poème de purification
1773;Fureur du soldat
1774;Refrain agressif
1775;Finale énergisant
1776;Sceau d'agression
1777;Sceau du remède
1778;Sceau de retour
1779;"Profitez de votre temps !"
1780;"Touche pas !"
1781;"Trouvez leur faiblesse !"
1782;"La force est avec vous !"
1783;Javelot de l'assassin
1784;Javeline leste
1814;Regard du Porteur de lumière
1815;Sceau du Porteur de lumière
1816;Sceau de Renaissance du Lancier du Soleil
1986;Assaut vampirique
1987;Coup du lotus
1988;Attaque des crocs dorés
1990;Coup du lotus tombant
1991;Sceau sadique
1992;Sceau de distraction
1993;Sceau de Rappel
1994;Verrouillage de pouvoir
1995;Pas de petites économies
1996;La somme de toutes les peurs
1997;Aura de Flétrissure
1998;Cacophonie
1999;Etreinte de l'hiver
2000;Chaînes de terre
2001;Protection de faiblesse
2002;Glyphe de rapidité
2003;Guérison de maléfice
2004;Expiation des conditions
2005;Compagnon du châtiment
2006;Sceau de pénitence
2007;Voile purifiant
2008;Collision pulvérisante
2009;Coup enthousiaste
2010;Coupe-genou
2011;Grappin
2012;Faux rayonnante
2013;Aura de Grenth
2014;Sceau de contrainte pieuse
2015;Faux du fermier
2016;Lee Sa était énérgétique
2017;Hymne de lassitude
2018;Hymne d'interruption
2052;Crocs de l'ombre
2053;Risque calculé
2054;Rétraction d'armure
2055;Anévrisme
2056;Oeil errant
2057;Festin immonde
2058;Fiel putrice
2059;Traumatisme
2060;Glyphe d'immolation
2061;Esprit patient
2062;Ruban de guérison
2063;Ame inébranlable
2064;Esprit impéccable
2065;Ame impeccable
2066;Désarmement
2067;"C'est ce que je comptais faire !"
2068;Feu rapide
2069;Tir du chasseur paresseux
2070;Trancheur d'aura
2071;Frappe zélée
2072;Li Ming était pure
2073;Arme d'agression
2074;Cogne poitrine
2075;Refrain rapide
2101;Agilité critique
2102;Cri de douleur
2103;Nécrose
2104;Intensité
2105;Graine de vie
2107;Attaque tourbillon
2108;Saccage collectif
2109;Aura éternelle
2110;Vampirisme
2112;"Il n'y a rien à craindre !"
2116;Attaque sournoise
2135;Piétinement du boeuf
2136;Defense poudre fumigène
2137;Images déroutantes
2138;Vigeur du lanceur de maléfice
2139;Masochisme
2140;Piège perforant
2141;Camaraderie
2142;Agression barbare
2143;Tir d'interruption
2144;Volée
2145;Concentration experte
2146;Fureur pieuse
2147;Victoire paralysante
2148;Arme de fractionnement
2149;Arme du renouveau
2150;Javelot mutilant
2186;Sceau de corruption mortelle
2187;Méthode du Maître
2188;Défenses profanées
2189;Regard d'Angorodon
2190;Afflux magnétique
2191;Terrain glissant
2192;Glace scintillante
2193;Explosion d'énergie
2194;Frappe de diversion
2195;Attaque symbolique
2196;Vitesse du soldat
2197;Frappe corporelle
2198;Coup corporel
2199;Sceau de Joute empoisonnée
2200;Sceau de vitesse mystique
2201;Bouclier de force
2202;Etreinte réparatrice
2203;Aura de sangsue de l'esprit
2204;Rajeunissement
2205;Agonie
2206;Arme spectrale
2207;Discours stimulant
2208;Bouclier incandescent
2209;Javelot sacré
2210;Frappe du javelot
2211;Acide alchimique d'Alkar
2212;Lumière de Deldrimor
2213;Morsure d'oreille
2214;Coup bas
2215;Coup du bagarreur
2216;"Ne trébuche pas !"
2217;"Par le marteau d'Ural !"
2218;Maître ivre
2219;Arme du Grand Nain
2220;Armure du Grand Nain
2221;Souffle du Grand Nain
2222;Tempête de neige
2223;Piège de poudre noire
2224;Invocation du Mursaat
2225;Invocation du Jinn de rubis
2226;Invocation du Lutin de glace
2227;Invocation du Chaman naga
2228;Frappe habile
2229;Sceau d'infection
2230;Sceau tryptophane
2231;Etendard du courage de la bataille d'Ebon
2232;Etendard de sagesse de la bataille d'Ebon
2233;Etendard d'honneur de la bataille d'Ebon
2234;Tireur d'élite de soutien de l'Avant-garde d'Ebon
2235;Assassin de soutien de l'Avant-garde d'Ebon
2236;Puits de ruine
2237;Atrophie
2238;Javelot de rédemption
2353;"Finissez-le !"
2354;"Esquive ceci !"
2355;"Je suis le plus fort !"
2356;"Rien ne peut m'arrêter !"
2357;Une pointe de ruse
2358;"Tu te déplaces comme un Nain !"
2359;"Vous êtes tous des mauviettes !"
2360;Aucune douleur
2361;Gourdin d'un millier d'ours
2374;Bénédiction de l'ours
2379;Bénédiction du loup
2384;Bénédiction du corbeau
2411;Distorsion de l'esprit
2412;Criminel improbable
2413;Technobabillage
2414;Champ de rayonnement
2415;Scan asura
2416;Air de supériorité
2417;Blocage mental
2418;Inverseur de douleur
2420;Echappatoire d'Ebon
2421;Piège de faiblesse
2422;Vents
2423;Stabilité naine
2657;Call of Haste (PvP)
2683;Castigation Signet (Saul D'Alessio)
2684;Unnatural Signet (Saul D'Alessio)
2734;Mind Wrack (PvP)
2803;Mind Freeze (PvP)
2804;Mind Shock (PvP)
2805;Mist Form (PvP)
2806;Ward Against Harm (PvP)
2807;Ride the Lightning (PvP)
2808;Enraged Smash (PvP)
2809;Obsidian Flame (PvP)
2857;Aegis (PvP)
2858;"Watch Yourself!" (PvP)
2859;Enfeeble (PvP)
2860;Ether Renewal (PvP)
2861;Penetrating Attack (PvP)
2862;Shadow Form (PvP)
2863;Discord (PvP)
2864;Sundering Attack (PvP)
2866;Flesh of My Flesh (PvP)
2867;Ancestors' Rage (PvP)
2868;Splinter Weapon (PvP)
2869;Assassin's Remedy (PvP)
2871;Light of Deliverance (PvP)
2872;Death Pact Signet (PvP)
2875;Harrier's Toss (PvP)
2876;Defensive Anthem (PvP)
2877;Ballad of Restoration (PvP)
2878;Song of Restoration (PvP)
2879;"Incoming!" (PvP)
2880;"Never Surrender!" (PvP)
2883;"For Great Justice!" (PvP)
2884;Mystic Regeneration (PvP)
2885;Enfeebling Blood (PvP)
2887;Signet of Judgment (PvP)
2891;Unyielding Aura (PvP)
2892;Spirit Bond (PvP)
2893;Weapon of Warding (PvP)
2895;Smiter's Boon (PvP)
2925;Sloth Hunter's Shot (PvP)
2959;Expert's Dexterity (PvP)
2965;Signet of Spirits (PvP)
2966;Signet of Ghostly Might (PvP)
2969;Read the Wind (PvP)
2998;Fragility (PvP)
2999;Strength of Honor (PvP)
3002;Warrior's Endurance (PvP)
3003;Armor of Unfeeling (PvP)
3005;Union (PvP)
3006;Shadowsong (PvP)
3007;Pain (PvP)
3008;Destruction (PvP)
3009;Soothing (PvP)
3010;Displacement (PvP)
3011;Preservation (PvP)
3012;Life (PvP)
3013;Recuperation (PvP)
3014;Dissonance (PvP)
3015;Earthbind (PvP)
3016;Shelter (PvP)
3017;Disenchantment (PvP)
3018;Restoration (PvP)
3019;Bloodsong (PvP)
3020;Wanderlust (PvP)
3021;Savannah Heat (PvP)
3022;Gaze of Fury (PvP)
3023;Anguish (PvP)
3024;Empowerment (PvP)
3025;Recovery (PvP)
3026;"Go for the Eyes!" (PvP)
3027;"Brace Yourself!" (PvP)
3028;Blazing Finale (PvP)
3029;Bladeturn Refrain (PvP)
3030;Signet of Return (PvP)
3031;"Can't Touch This!" (PvP)
3032;"Stand Your Ground!" (PvP)
3033;"We Shall Return!" (PvP)
3034;"Find Their Weakness!" (PvP)
3035;"Never Give Up!" (PvP)
3036;"Help Me!" (PvP)
3037;"Fall Back!" (PvP)
3038;Agony (PvP)
3039;Rejuvenation (PvP)
3040;Anthem of Disruption (PvP)
3045;Comfort Animal (PvP)
3047;Melandru's Assault (PvP)
3048;Shroud of Distress (PvP)
3049;Unseen Fury (PvP)
3050;Predatory Bond (PvP)
3051;Enraged Lunge (PvP)
3053;Signet of Deadly Corruption (PvP)
3054;Masochism (PvP)
3058;Unholy Feast (PvP)
3059;Signet of Agony (PvP)
3060;Escape (PvP)
3061;Death Blossom (PvP)
3062;Finale of Restoration (PvP)
3063;Mantra of Resolve (PvP)
3068;Charm Animal (Codex)
3141;Lightning Reflexes (PvP)
3143;Renewing Smash (PvP)
3144;Heal as One (PvP)
3145;Glass Arrows (PvP)
3147;Keen Arrow (PvP)
3148;Anthem of Envy (PvP)
3149;Mending Refrain (PvP)
3151;Empathy (PvP)
3152;Crippling Anguish (PvP)
3156;Soldier's Stance (PvP)
3157;Destructive Was Glaive (PvP)
3179;Mantra of Signets (PvP)
3180;Shatter Delusions (PvP)
3181;Illusionary Weaponry (PvP)
3183;Migraine (PvP)
3184;Accumulated Pain (PvP)
3185;Psychic Instability (PvP)
3186;Shared Burden (PvP)
3187;Stolen Speed (PvP)
3188;Unnatural Signet (PvP)
3189;Spiritual Pain (PvP)
3190;Frustration (PvP)
3191;Mistrust (PvP)
3192;Enchanter's Conundrum (PvP)
3193;Signet of Clumsiness (PvP)
3194;Mirror of Disenchantment (PvP)
3195;Wandering Eye (PvP)
3196;Calculated Risk (PvP)
3204;Defy Pain (PvP)
3232;Heal Party (PvP)
3233;Spoil Victor (PvP)
3234;Visions of Regret (PvP)
3251;Fox Fangs (PvP)
3252;Wild Strike (PvP)
3263;Banishing Strike (PvP)
3264;Twin Moon Sweep (PvP)
3265;Irresistible Sweep (PvP)
3266;Pious Assault (PvP)
3269;Guiding Hands (PvP)
3270;Avatar of Dwayna (PvP)
3271;Avatar of Melandru (PvP)
3272;Mystic Healing (PvP)
3273;Signet of Pious Restraint (PvP)
3289;Fevered Dreams (PvP)
3346;Aura of Thorns (PvP)
3347;Dust Cloak (PvP)
3348;Lyssa's Haste (PvP)
3365;Onslaught (PvP)
3366;Heart of Fury (PvP)
3367;Wounding Strike (PvP)
3368;Pious Fury (PvP)
3373;Illusion of Haste (PvP)
3374;Illusion of Pain (PvP)
3375;Aura of Restoration (PvP)
3386;Web of Disruption (PvP)
3396;Lightning Hammer (PvP)
3397;Elemental Flame (PvP)
3398;Slippery Ground (PvP)
3422;Protection du temps
3423;Preneur d'Âmes
3424;Au-délà de la limite
3425;Frappe du jugement
3426;Pose des setps armes
3427;"Ensemble et unis !"
3428;Voleur d'ombre
3429;Armes des trois forges
3430;Voeu de révolution
3431;Rengaine héroïque
